,precision,recall,f1-score,support
0,0.9914092767560448,0.6918654355817732,0.814984988576212,93576.0
1,0.1632374706172553,0.9093113482056256,0.27678681264608196,6186.0
accuracy,0.7053487299773461,0.7053487299773461,0.7053487299773461,0.7053487299773461
macro avg,0.5773233736866501,0.8005883918936993,0.545885900611147,99762.0
weighted avg,0.9400563488599065,0.7053487299773461,0.7816126231835395,99762.0
