,precision,recall,f1-score,support
0,0.9915492368514632,0.7598922737401211,0.8604005324298161,187141.0
1,0.1990945387138172,0.9021159748021321,0.32619805507695,12382.0
accuracy,0.7687183933681832,0.7687183933681832,0.7687183933681832,0.7687183933681832
macro avg,0.5953218877826402,0.8310041242711266,0.593299293753383,199523.0
weighted avg,0.9423710765775082,0.7687183933681832,0.827248990629707,199523.0
